{
    "normals":[1.54602e-06,-1.21217e-07,1],
    "skinWeights":[],
    "vertices":[-1.65345,2.2122,-1.81293e-07,-1.67609,2.0064,-2.23152e-07,-1.65171,1.89307,-2.7459e-07,-1.6133,1.80238,-2.93037e-07,-1.60588,1.54752,-6.76441e-08,-1.53906,1.41838,-6.19992e-08,-1.48439,1.27034,-5.55285e-08,-1.53744,1.41626,-6.19067e-08,-1.48877,1.35785,-5.93535e-08,-1.37458,1.1634,-5.08538e-08,-1.32332,1.17426,-5.13287e-08,-1.23466,1.07979,-4.71993e-08,-1.09538,0.972404,-4.25051e-08,-1.0433,0.936069,-4.09169e-08,-0.97305,0.848866,-3.71051e-08,-0.909682,0.864643,-3.77947e-08,-0.749954,0.783665,-3.42551e-08,-0.644582,0.713418,-3.11845e-08,-0.605825,0.710995,-3.10786e-08,-0.529522,0.81031,-3.54198e-08,-0.597347,0.914471,-3.99728e-08,-0.597347,0.995619,-4.35199e-08,-0.609459,1.12279,-4.90787e-08,-0.571913,1.13006,-4.93964e-08,-0.0981055,0.571348,-2.49744e-08,-0.0588638,0.622217,-2.7198e-08,0.204201,0.747209,-3.26615e-08,0.391689,0.905629,-3.95863e-08,0.560574,1.08696,-4.75125e-08,0.586008,1.29286,-5.65126e-08,0.688473,1.27278,-5.56348e-08,0.707657,1.39312,-6.08951e-08,0.587316,1.5745,-6.88236e-08,0.54197,1.74891,-7.64472e-08,0.446046,1.91285,-8.36134e-08,0.365819,1.99134,-8.7044e-08,0.282103,2.05063,-8.9636e-08,0.264662,2.01575,-8.81113e-08,0.34489,1.91111,-8.35372e-08,0.367563,1.86576,-8.1555e-08,0.458255,1.74891,-7.64472e-08,0.529762,1.57276,-6.87474e-08,0.493136,1.56055,-6.82137e-08,0.433838,1.57973,-6.90523e-08,0.303032,1.74891,-7.64472e-08,0.132113,2.0297,-8.87212e-08,0.187923,2.0018,-8.75014e-08,0.426135,0.751467,-3.28477e-08,0.450358,0.804758,-3.51771e-08,0.519394,0.833826,-3.64477e-08,0.559363,0.898018,-3.92536e-08,0.626035,0.986225,-4.31092e-08,0.732772,1.04692,-4.57622e-08,0.787187,1.21435,-5.30809e-08,0.822766,1.34202,-5.86614e-08,0.82451,1.5152,-6.62316e-08,0.824859,1.78989,-7.82388e-08,0.893925,1.68734,-7.37561e-08,0.946247,1.56596,-6.84501e-08,0.952525,1.44247,-6.30526e-08,1.03206,1.58479,-6.92734e-08,1.03415,1.63293,-7.13775e-08,1.12972,1.75763,-7.68284e-08,1.02508,1.87623,-8.20124e-08,1.02682,1.81518,-7.93442e-08,0.955316,1.74891,-7.64472e-08,0.953572,1.93378,-8.45282e-08,0.899506,1.95645,-8.55193e-08,-1.39319,1.84703,-8.07363e-08,-1.44844,1.81438,-7.93091e-08,-1.46602,1.76415,-7.71135e-08,-1.48109,1.73904,-7.60157e-08,-1.50369,1.72648,-7.54668e-08,-1.53132,1.75411,-7.66744e-08,-1.51876,1.78676,-7.81015e-08,-1.49365,1.82694,-7.9858e-08,-1.44593,1.91484,-8.37003e-08,-1.33291,1.98767,-8.68839e-08],
    "faces":[35,0,1,3,2,0,0,0,0,0],
    "influencesPerVertex":2,
    "skinIndices":[],
    "uvs":[],
    "materials":[],
    "metadata":{
        "generator":"io_three",
        "normals":1,
        "vertices":78,
        "type":"Geometry",
        "version":3,
        "uvs":0,
        "materials":0,
        "faces":1
    }
}