{
    "influencesPerVertex":2,
    "skinWeights":[],
    "metadata":{
        "type":"Geometry",
        "generator":"io_three",
        "materials":0,
        "normals":1,
        "uvs":0,
        "version":3,
        "vertices":353,
        "faces":1
    },
    "materials":[],
    "normals":[-8.08491e-07,-5.92621e-07,1],
    "uvs":[],
    "skinIndices":[],
    "vertices":[0.253527,-2.30557,0.000873435,0.203093,-2.23492,0.000873447,0.146542,-2.20865,0.000873417,0.117303,-2.12689,0.000873431,0.0652109,-2.11913,0.000873658,0.0076811,-2.05555,0.000873656,-0.0326907,-2.02527,0.000873654,-0.085174,-2.0283,0.000873654,-0.135639,-2.00004,0.000873653,-0.169955,-2.00004,0.000873653,-0.23354,-1.91021,0.000873649,-0.299874,-1.83715,0.000873646,-0.344452,-1.81528,0.000873645,-0.372207,-1.75641,0.000873642,-0.409215,-1.71604,0.000873641,-0.411738,-1.65464,0.000873638,-0.441176,-1.62772,0.000873637,-0.492481,-1.6395,0.000873637,-0.514572,-1.56598,0.000873634,-0.55672,-1.53255,0.000873633,-0.559626,-1.4904,0.000873631,-0.597414,-1.45116,0.000873629,-0.607588,-1.39157,0.000873627,-0.638109,-1.36832,0.000873626,-0.688978,-1.35088,0.000873625,-0.726301,-1.34647,0.000873625,-0.753216,-1.23965,0.00087362,-0.752375,-1.16732,0.000873617,-0.82639,-1.19844,0.000873618,-0.861715,-1.14461,0.000873616,-0.86592,-1.07732,0.000873613,-0.90461,-1.02686,0.000873611,-0.929001,-0.989009,0.000873609,-0.938253,-0.957048,0.000873608,-0.987036,-0.921722,0.000873606,-0.987877,-0.883033,0.000873604,-0.977784,-0.845184,0.000873603,-0.966009,-0.811541,0.000873601,-0.993764,-0.771169,0.000873599,-1.02488,-0.759394,0.000873599,-0.9904,-0.745937,0.000873598,-0.968532,-0.72491,0.000873597,-1.00386,-0.676968,0.000873595,-0.967691,-0.651736,0.000873594,-0.95171,-0.630709,0.000873593,-0.950028,-0.566787,0.00087359,-0.942459,-0.519687,0.000873588,-0.933207,-0.46754,0.000873586,-0.95171,-0.398571,0.000873583,-0.923114,-0.353994,0.000873581,-0.930683,-0.285026,0.000873578,-0.918908,-0.231197,0.000873576,-0.872649,-0.136155,0.000873572,-0.871808,-0.0453184,0.000873568,-0.895358,-0.00746989,0.000873566,-0.866762,0.0143981,0.000873565,-0.86592,0.0808434,0.000873562,-0.840688,0.0858898,0.000873562,-0.810409,0.0909364,0.000873562,-0.783495,0.143924,0.000873559,-0.773402,0.217939,0.000873556,-0.796111,0.237284,0.000873555,-0.845735,0.318027,0.000873552,-1.00638,0.437461,0.000873547,-1.08073,0.528886,0.000873543,-1.09486,0.564211,0.000873541,-1.09082,0.784237,0.000873531,-1.08275,0.820572,0.00087353,-1.12009,0.855898,0.000873528,-1.34618,1.00325,0.000873522,-1.42127,1.05745,0.000873519,-1.44307,1.08531,0.000873518,-1.44549,1.10227,0.000873517,-1.49515,1.13981,0.000873516,-1.60052,1.29302,0.000873032,-1.74876,1.41656,0.00087255,-1.80835,1.52266,0.000872545,-1.87085,1.61132,0.000872542,-1.91009,1.68689,0.000872538,-1.91154,1.71451,0.000872537,-1.89556,1.75956,0.000872535,-1.87521,1.82787,0.000872532,-1.91009,1.90199,0.000872529,-1.92317,1.98193,0.000872525,-1.91881,2.06041,0.000872522,-1.86213,2.09965,0.00087252,-1.86358,2.07494,0.000872521,-1.86794,2.05896,0.000872522,-1.87375,2.04878,0.000872522,-1.87521,2.03134,0.000872523,-1.87666,2.0139,0.000872524,-1.89265,1.96739,0.000872526,-1.86503,1.9267,0.000872528,-1.81998,1.89182,0.000872529,-1.77347,1.96013,0.000872526,-1.77202,2.02698,0.000872523,-1.7851,2.06768,0.000872522,-1.78365,2.09674,0.00087252,-1.73859,2.1418,0.000872518,-1.73132,2.17523,0.000872517,-1.68045,2.18395,0.000872516,-1.60197,2.2697,0.000872513,-1.59907,2.29295,0.000872512,-1.5729,2.31039,0.000872511,-1.5482,2.36853,0.000872508,-1.54529,2.34527,0.000872509,-1.53076,2.35399,0.000872509,-1.59325,2.15633,0.000872518,-1.60779,2.07349,0.000872521,-1.58889,2.06041,0.000872522,-1.54093,2.13453,0.000872519,-1.48715,2.16505,0.000872517,-1.4421,2.22755,0.000872515,-1.38687,2.28423,0.000872512,-1.38687,2.23918,0.000872514,-1.40577,2.1854,0.000872516,-1.43047,2.15343,0.000872518,-1.41303,2.12872,0.000872519,-1.39123,2.12436,0.000872519,-1.33891,2.14325,0.000872518,-1.28513,2.18831,0.000872516,-1.25025,2.20866,0.000872515,-1.22555,2.2072,0.000872515,-1.22119,2.17087,0.000872517,-1.24299,2.14761,0.000872518,-1.30839,2.06332,0.000872522,-1.29676,2.0328,0.000872523,-1.31711,1.99501,0.000872525,-1.32147,1.97466,0.000872526,-1.39414,1.83514,0.000872532,-1.42757,1.668,0.000872539,-1.42466,1.52411,0.000872545,-1.40867,1.42674,0.00087255,-1.40722,1.39185,0.000872551,-1.38396,1.37005,0.000872552,-1.41885,1.36133,0.000872076,-1.41158,1.32936,0.0008716,-1.36652,1.29448,0.000871125,-1.34036,1.25814,0.00087065,-1.27205,1.1753,0.000870653,-1.24735,1.17821,0.000870653,-1.25025,1.15495,0.000870654,-1.22627,1.12407,0.000870656,-1.22143,1.1059,0.000870656,-1.20447,1.0841,0.000870657,-1.15966,1.02112,0.00087066,-1.09789,0.976307,0.000870662,-1.0664,1.08531,0.000870657,-1.06559,1.17778,0.000870653,-1.06896,1.24675,0.00087065,-1.04457,1.28712,0.000870648,-1.10008,1.3359,0.000870646,-1.04541,1.39057,0.000870644,-1.01674,1.5407,0.000870637,-1.00463,1.47288,0.00087064,-1.02764,1.40142,0.000870643,-0.974352,1.36509,0.000870645,-1.01029,1.26938,0.000870649,-1.05299,1.18148,0.000870653,-1.04545,1.09609,0.000870657,-0.965087,1.01823,0.00087066,-0.837003,0.862525,0.000870667,-0.784263,0.834899,0.000870668,-0.746591,0.80225,0.00087067,-0.661202,0.759556,0.000870671,-0.563255,0.679189,0.000870675,-0.540652,0.736953,0.000870672,-0.600927,0.804762,0.000870669,-0.651156,0.983075,0.000870662,-0.615996,1.13878,0.000870655,-0.62353,1.17143,0.000870653,-0.603439,1.2091,0.000870652,-0.603439,1.28696,0.000870648,-0.585859,1.28194,0.000870649,-0.558233,1.35979,0.000870645,-0.563255,1.12623,0.000870655,-0.563255,1.02828,0.00087066,-0.523072,0.857502,0.000870667,-0.482889,0.736953,0.000870672,-0.4854,0.644029,0.000870676,-0.495446,0.618915,0.000870678,-0.437683,0.586266,0.000870679,-0.407546,0.591289,0.000870679,-0.349782,0.566174,0.00087068,-0.274439,0.57622,0.000870679,-0.179004,0.546082,0.000870681,-0.143844,0.566174,0.00087068,-0.0810574,0.666632,0.000870675,-0.0333397,0.704304,0.000870674,0.00433198,0.764579,0.000870671,0.0872099,0.794716,0.00087067,0.142462,0.88764,0.000870666,0.152507,0.937869,0.000870664,0.180133,0.990609,0.000870661,0.190179,1.04837,0.000870659,0.182645,1.12372,0.000870656,0.177622,1.16892,0.000870654,0.192691,1.20157,0.000870652,0.224334,1.08579,0.000870657,0.21228,1.04661,0.000870659,0.218307,1.00744,0.000870661,0.224334,0.932092,0.000870664,0.194197,0.805515,0.000870669,0.130909,0.730172,0.000870673,0.251458,0.802501,0.00087067,0.329815,0.871817,0.000870667,0.362967,0.932092,0.000870664,0.432282,1.01045,0.00087066,0.564887,1.2184,0.000870651,0.564887,1.2636,0.000870649,0.55886,1.33292,0.000870646,0.564887,1.3721,0.000870645,0.513653,1.42936,0.000870642,0.501598,1.49265,0.000870639,0.378035,1.65238,0.000870632,0.290637,1.71566,0.00087063,0.203238,1.88745,0.000870622,0.136936,1.95375,0.000870619,0.0977575,2.09238,0.000870613,0.155018,2.04115,0.000870615,0.284609,2.05019,0.000870615,0.329815,2.05622,0.000870615,0.359953,1.99594,0.000870617,0.393104,1.97485,0.000870618,0.465433,1.95375,0.000870619,0.519681,1.79101,0.000870626,0.573928,1.72772,0.000870629,0.619134,1.64936,0.000870633,0.682423,1.48059,0.00087064,0.718588,1.42936,0.000870642,0.778862,1.45347,0.000870641,0.818041,1.51676,0.000870638,0.812014,1.65539,0.000870632,0.763794,1.74279,0.000870628,0.751739,1.82114,0.000870625,0.775849,1.83923,0.000870624,0.809,1.79402,0.000870626,0.869275,1.79402,0.000870626,0.890371,1.83923,0.000870624,0.890371,1.91758,0.000870621,0.896398,1.98389,0.000870618,0.881329,2.04416,0.000870615,0.839137,2.13156,0.000870611,0.878316,2.11046,0.000870612,1.029,1.88142,0.000870622,1.05311,1.88142,0.000870622,1.0712,1.85731,0.000870623,1.0712,1.78799,0.000870626,1.09229,1.76087,0.000870628,1.15859,1.80005,0.000870626,1.10736,1.70662,0.00087063,1.08626,1.66142,0.000870632,1.04709,1.59813,0.000870635,1.04407,1.58607,0.000870635,0.995852,1.50169,0.000870639,0.977769,1.47758,0.00087064,0.966009,1.41846,0.000870643,0.913862,1.26454,0.000870649,