{
    "influencesPerVertex":2,
    "normals":[1.32575e-06,4.77198e-07,1],
    "skinIndices":[],
    "uvs":[],
    "faces":[35,0,1,3,2,0,0,0,0,0],
    "materials":[],
    "metadata":{
        "type":"Geometry",
        "normals":1,
        "uvs":0,
        "faces":1,
        "materials":0,
        "generator":"io_three",
        "version":3,
        "vertices":8
    },
    "skinWeights":[],
    "vertices":[0.125371,0.464452,2.26821e-08,0.130046,0.406418,1.74214e-08,0.149762,0.375767,5.9088e-09,0.182193,0.34717,3.31657e-09,0.232159,0.382074,-1.6701e-08,0.390399,0.543352,-2.16318e-08,0.223841,0.49805,-1.73757e-08,0.131649,0.464091,-2.02861e-08]
}