{
    "influencesPerVertex":2,
    "normals":[-7.14977e-07,-4.88744e-07,-1],
    "skinIndices":[],
    "uvs":[],
    "faces":[35,0,1,3,2,0,0,0,0,0],
    "materials":[],
    "metadata":{
        "type":"Geometry",
        "normals":1,
        "uvs":0,
        "faces":1,
        "materials":0,
        "generator":"io_three",
        "version":3,
        "vertices":12
    },
    "skinWeights":[],
    "vertices":[-0.801723,0.375936,-2.24097e-08,-0.847611,0.433491,-1.71926e-08,-0.890671,0.51492,-2.6204e-08,-0.929582,0.56201,-2.19354e-08,-0.899746,0.717496,-3.13628e-08,-0.836959,0.694823,-3.03717e-08,-0.789869,0.686103,-2.99905e-08,-0.707898,0.619828,-2.70936e-08,-0.643367,0.511696,-2.23669e-08,-0.69569,0.452397,-1.97749e-08,-0.749756,0.41054,-1.79453e-08,-0.788125,0.379147,-1.6573e-08]
}