{
    "influencesPerVertex":2,
    "normals":[-8.41521e-07,-1.51246e-06,-1],
    "skinIndices":[],
    "uvs":[],
    "faces":[35,0,1,3,2,0,0,0,0,0],
    "materials":[],
    "metadata":{
        "type":"Geometry",
        "normals":1,
        "uvs":0,
        "faces":1,
        "materials":0,
        "generator":"io_three",
        "version":3,
        "vertices":21
    },
    "skinWeights":[],
    "vertices":[-0.601303,0.186584,2.83414e-08,-0.610158,0.187557,2.84297e-08,-0.617852,0.195251,2.32675e-08,-0.62476,0.202552,2.39293e-08,-0.629907,0.208847,-9.12901e-09,-0.633746,0.220446,-9.63601e-09,-0.629286,0.235,-1.02722e-08,-0.622871,0.240555,-1.03047e-08,-0.613873,0.24521,-1.04819e-08,-0.595251,0.249553,-1.09083e-08,-0.580228,0.247675,-1.08262e-08,-0.565631,0.240692,-1.0521e-08,-0.553504,0.232281,-1.01533e-08,-0.543527,0.223674,-9.77709e-09,-0.534533,0.207446,-9.06774e-09,-0.533832,0.197633,-8.63881e-09,-0.543644,0.189222,-8.27116e-09,-0.559765,0.18782,-8.20989e-09,-0.576587,0.18712,-8.17925e-09,-0.589203,0.18712,-8.17925e-09,-0.600011,0.186638,-8.1582e-09]
}