{
    "materials":[],
    "skinWeights":[],
    "vertices":[-0.60293,0.125873,-4.29198e-05,-0.629459,0.292407,-4.29047e-05,-0.471721,0.1922,-4.29296e-05,-0.594133,0.304232,-4.29195e-05,-0.682071,0.26172,-4.29268e-05,-0.665922,0.103259,-4.29199e-05,-0.454978,0.285943,-4.29278e-05,-0.464062,0.306129,-4.29287e-05,-0.468099,0.337417,-4.29301e-05,-0.550862,0.332371,-4.29299e-05,-0.418644,0.205199,-4.29243e-05],
    "influencesPerVertex":2,
    "uvs":[],
    "skinIndices":[],
    "faces":[35,0,1,3,2,0,0,0,0,0],
    "metadata":{
        "materials":0,
        "generator":"io_three",
        "vertices":11,
        "type":"Geometry",
        "version":3,
        "faces":1,
        "uvs":0,
        "normals":1
    },
    "normals":[-1.51715e-07,9.54296e-09,-1]
}