{
    "materials":[],
    "metadata":{
        "materials":0,
        "faces":1,
        "normals":1,
        "uvs":0,
        "vertices":37,
        "type":"Geometry",
        "version":3,
        "generator":"io_three"
    },
    "influencesPerVertex":2,
    "skinIndices":[],
    "uvs":[],
    "vertices":[-0.235944,-0.336875,0.000851059,-0.231057,-0.306454,0.000851062,-0.255121,-0.307147,0.000851046,-0.262738,-0.283934,0.000851048,-0.247216,-0.274643,0.000851166,-0.218823,-0.278023,0.000851167,-0.185697,-0.262475,0.000851166,-0.202936,-0.296276,0.000851167,-0.233357,-0.28715,0.000851167,-0.152437,-0.232966,0.000851165,-0.184886,-0.225665,0.000851164,-0.162172,-0.223232,0.000851164,-0.173935,-0.200111,0.000851163,-0.184075,-0.19281,0.000851163,-0.205573,-0.196866,0.000851163,-0.222203,-0.213902,0.000851164,-0.205573,-0.222826,0.000851164,-0.240861,-0.202545,0.000851163,-0.231532,-0.188349,0.000851163,-0.225448,-0.202139,0.000851163,-0.124044,-0.222015,0.000851164,-0.115769,-0.253937,0.000851165,-0.123557,-0.268539,0.000851166,-0.106034,-0.269512,0.000851166,-0.140593,-0.275353,0.000851166,-0.149354,-0.25637,0.000851166,-0.155682,-0.267565,0.000851166,-0.0851047,-0.267078,0.000851166,-0.110415,-0.239334,0.000851165,-0.0880251,-0.219865,0.000851164,-0.0787771,-0.222299,0.000851164,-0.0627147,-0.235927,0.000851165,-0.0632015,-0.269512,0.000851166,-0.0495728,-0.329381,0.000851169,-0.0422717,-0.288008,0.000851167,-0.0388645,-0.310885,0.000851168,-0.0972732,-0.211104,0.000851164],
    "faces":[35,0,1,3,2,0,0,0,0,0],
    "skinWeights":[],
    "normals":[-6.76111e-07,-1.24484e-07,1]
}