{
    "influencesPerVertex":2,
    "normals":[-1.62245e-07,2.04589e-07,1],
    "skinIndices":[],
    "uvs":[],
    "faces":[35,0,1,3,2,0,0,0,0,0],
    "materials":[],
    "metadata":{
        "type":"Geometry",
        "normals":1,
        "uvs":0,
        "faces":1,
        "materials":0,
        "generator":"io_three",
        "version":3,
        "vertices":9
    },
    "skinWeights":[],
    "vertices":[-0.303683,-0.24909,-1.46065e-09,-0.244398,-0.182476,4.57772e-09,-0.197706,-0.126219,6.43629e-10,-0.119245,-0.117135,1.46704e-09,-0.0155888,-0.210334,9.194e-09,-0.0105423,-0.292088,1.27676e-08,-0.0741283,-0.467706,2.04441e-08,-0.248737,-0.428343,1.87235e-08,-0.30223,-0.256762,1.12234e-08]
}