{
    "vertices":[-0.447506,-0.167478,-1.98559e-08,-0.418078,-0.0665481,-1.07069e-08,-0.332397,-0.107428,-5.24869e-08,-0.297568,-0.114433,-5.31219e-08,-0.261669,-0.130352,5.69785e-09,-0.228026,-0.110025,4.80936e-09,-0.283397,-0.0315242,1.37796e-09,-0.323349,0.0147354,-6.44107e-10,-0.206298,0.0939375,-4.10614e-09,-0.167748,0.127581,-5.57674e-09,-0.162141,0.0140345,-6.1347e-10,-0.110975,-0.046944,2.05199e-09,-0.0506975,-0.0121092,5.29305e-10],
    "metadata":{
        "vertices":13,
        "type":"Geometry",
        "uvs":0,
        "normals":1,
        "faces":1,
        "generator":"io_three",
        "materials":0,
        "version":3
    },
    "uvs":[],
    "skinWeights":[],
    "normals":[-3.35019e-07,3.19844e-07,-1],
    "faces":[35,0,1,3,2,0,0,0,0,0],
    "skinIndices":[],
    "influencesPerVertex":2,
    "materials":[]
}