{
    "materials":[],
    "metadata":{
        "materials":0,
        "faces":1,
        "normals":1,
        "uvs":0,
        "vertices":4,
        "type":"Geometry",
        "version":3,
        "generator":"io_three"
    },
    "influencesPerVertex":2,
    "skinIndices":[],
    "uvs":[],
    "vertices":[-0.235571,-0.338212,0.000851061,-0.191562,-0.370509,0.000851058,-0.13565,-0.429449,0.000851033,-0.0179625,-0.308333,0.000851044],
    "faces":[35,0,1,3,2,0,0,0,0,0],
    "skinWeights":[],
    "normals":[-1.21526e-07,3.12336e-07,-1]
}